cenario,variante,algoritmo,consultas,tempo_medio_ms,tempo_p95_ms,nos_expandidos_medio,lista_aberta_max_media,custo_medio,razao_subotimalidade_media,razao_subotimalidade_max,pct_otimo,passos_medio
s3,0%,A* (Manhattan),500,0.17935,0.46037,480.7,69.5,84.86,1.0000,1.0000,100.0,84.9
s3,0%,Gulosa (Manhattan),500,0.08342,0.18312,224.6,77.0,104.07,1.2176,2.9701,9.2,104.1
s3,0%,A* ponderado (2×Manhattan),500,0.10084,0.25127,284.2,69.8,90.96,1.0690,1.4375,23.2,91.0
s3,10%,A* (Manhattan),500,0.21652,0.54145,623.0,68.5,95.21,1.0000,1.0000,100.0,86.5
s3,10%,Gulosa (Manhattan),500,0.08128,0.19256,224.6,77.0,124.30,1.2965,2.8242,4.6,104.1
s3,10%,A* ponderado (2×Manhattan),500,0.10899,0.28160,309.0,68.2,101.86,1.0675,1.6250,22.2,90.3
s3,25%,A* (Manhattan),500,0.26459,0.62475,809.4,64.9,113.48,1.0000,1.0000,100.0,87.9
s3,25%,Gulosa (Manhattan),500,0.08028,0.16950,224.6,77.0,153.90,1.3501,3.6186,3.4,104.1
s3,25%,A* ponderado (2×Manhattan),500,0.12431,0.35120,362.3,66.4,119.38,1.0507,1.3810,25.0,89.5
s3,40%,A* (Manhattan),500,0.33114,0.74670,978.2,61.4,135.66,1.0000,1.0000,100.0,88.4
s3,40%,Gulosa (Manhattan),500,0.08559,0.21730,224.6,77.0,184.48,1.3554,3.1527,1.4,104.1
s3,40%,A* ponderado (2×Manhattan),500,0.15932,0.40873,440.1,64.0,139.96,1.0316,1.2629,32.6,88.7